x	y	label	PANEL	group
2.47275644931721	0.294949963781551	maxit=297	1	-1
1.41497334797082	0.293828762977754	maxit=26	2	-1
