colour	x	y	showSelectedlegendcolour	PANEL
#0000FF	3	0.14729667436029	subtrain	1
#00BFFF	2.47275644931721	0.294949963781551	validation	1
#0000FF	3	0.0052816250752641	subtrain	2
#00BFFF	1.41497334797082	0.293828762977754	validation	2
